what,kind,bundleId,bundleVersion,description,time
java.runtime.name,sysinfo,,,"OpenJDK Runtime Environment",1340723091369
java.runtime.version,sysinfo,,,"1.6.0_24-b24",1340723091369
java.specification.name,sysinfo,,,"Java Platform API Specification",1340723091369
java.specification.vendor,sysinfo,,,"Sun Microsystems Inc.",1340723091369
java.specification.version,sysinfo,,,"1.6",1340723091369
java.vendor,sysinfo,,,"Sun Microsystems Inc.",1340723091369
java.version,sysinfo,,,"1.6.0_24",1340723091369
java.vm.info,sysinfo,,,"mixed mode, sharing",1340723091369
java.vm.name,sysinfo,,,"OpenJDK Client VM",1340723091369
java.vm.specification.name,sysinfo,,,"Java Virtual Machine Specification",1340723091369
java.vm.specification.vendor,sysinfo,,,"Sun Microsystems Inc.",1340723091369
java.vm.specification.version,sysinfo,,,"1.0",1340723091369
java.vm.vendor,sysinfo,,,"Sun Microsystems Inc.",1340723091369
java.vm.version,sysinfo,,,"20.0-b12",1340723091369
started,bundle,org.eclipse.team.cvs.core,3.3.400.I20110510-0800,"org.eclipse.team.cvs.core",1340723091508
started,bundle,org.eclipse.ui.console,3.5.100.v20111007_r372,"org.eclipse.ui.console",1340723091543
started,bundle,org.eclipse.team.cvs.ui,3.3.401.v20120126-1227,"org.eclipse.team.cvs.ui",1340723091654
activated,view,org.eclipse.jdt.ui,3.7.2.v20120109-1427,"org.eclipse.jdt.ui.PackageExplorer",1340723092622
started,bundle,org.eclipse.pde.build,3.7.0.v20111116-2009,"org.eclipse.pde.build",1340723099952
started,bundle,org.eclipse.ltk.core.refactoring,3.5.201.r372_v20111101-0700,"org.eclipse.ltk.core.refactoring",1340723101008
started,bundle,org.eclipse.ltk.ui.refactoring,3.6.0.v20110928-1453,"org.eclipse.ltk.ui.refactoring",1340723101012
deactivated,workbench,org.eclipse.ui.workbench,3.7.1.v20120104-1859,"",1340723102852
executed,command,org.eclipse.ltk.ui.refactoring,3.6.0.v20110928-1453,"org.eclipse.ltk.ui.refactoring.commands.deleteResources",1340723111289
executed,command,org.eclipse.ui,3.7.0.v20110928-1505,"org.eclipse.ui.edit.delete",1340723111289
activated,workbench,org.eclipse.ui.workbench,3.7.1.v20120104-1859,"",1340723111348
activated,editor,org.eclipse.emf.ecore.editor,2.7.0.v20120130-0943,"org.eclipse.emf.ecore.presentation.EcoreEditorID",1340723112640
activated,view,org.eclipse.jdt.ui,3.7.2.v20120109-1427,"org.eclipse.jdt.ui.PackageExplorer",1340723116550
deactivated,workbench,org.eclipse.ui.workbench,3.7.1.v20120104-1859,"",1340723120034
executed,command,org.eclipse.ltk.ui.refactoring,3.6.0.v20110928-1453,"org.eclipse.ltk.ui.refactoring.commands.deleteResources",1340723123886
executed,command,org.eclipse.ui,3.7.0.v20110928-1505,"org.eclipse.ui.edit.delete",1340723123886
activated,workbench,org.eclipse.ui.workbench,3.7.1.v20120104-1859,"",1340723123940
deactivated,workbench,org.eclipse.ui.workbench,3.7.1.v20120104-1859,"",1340723132756
executed,command,org.eclipse.ui,3.7.0.v20110928-1505,"org.eclipse.ui.edit.delete",1340723134581
activated,workbench,org.eclipse.ui.workbench,3.7.1.v20120104-1859,"",1340723134606
activated,editor,org.eclipse.emf.ecore.editor,2.7.0.v20120130-0943,"org.eclipse.emf.ecore.presentation.EcoreEditorID",1340723135417
activated,view,org.eclipse.jdt.ui,3.7.2.v20120109-1427,"org.eclipse.jdt.ui.PackageExplorer",1340723135452
activated,editor,org.eclipse.emf.ecore.editor,2.7.0.v20120130-0943,"org.eclipse.emf.ecore.presentation.EcoreEditorID",1340723137197
activated,view,org.eclipse.jdt.ui,3.7.2.v20120109-1427,"org.eclipse.jdt.ui.PackageExplorer",1340723138179
started,bundle,org.eclipse.gef,3.7.2.v20111106-2020,"org.eclipse.gef",1340723138346
started,bundle,org.eclipse.ui.views.properties.tabbed,3.5.200.v20110928-1505,"org.eclipse.ui.views.properties.tabbed",1340723138347
started,bundle,org.eclipse.gmf.runtime.diagram.core,1.4.1.v20101221-2230,"org.eclipse.gmf.runtime.diagram.core",1340723138349
started,bundle,org.eclipse.emf.transaction,1.4.0.v20100331-1738,"org.eclipse.emf.transaction",1340723138356
started,bundle,org.eclipse.gmf.runtime.diagram.ui,1.5.0.v20110309-2230,"org.eclipse.gmf.runtime.diagram.ui",1340723138359
started,bundle,org.eclipse.gmf.runtime.diagram.ui.resources.editor,1.4.1.v20101119-2230,"org.eclipse.gmf.runtime.diagram.ui.resources.editor",1340723138360
started,bundle,org.eclipse.emf.ecoretools.diagram,1.0.0.v20110601-1615,"org.eclipse.emf.ecoretools.diagram",1340723138363
started,bundle,org.eclipse.gmf.runtime.notation,1.5.0.v20110309-2159,"org.eclipse.gmf.runtime.notation",1340723138369
started,bundle,org.eclipse.gmf.runtime.common.core,1.4.1.v20101119-2230,"org.eclipse.gmf.runtime.common.core",1340723138374
started,bundle,org.eclipse.gmf.runtime.common.ui,1.5.0.v20101221-2230,"org.eclipse.gmf.runtime.common.ui",1340723138376
started,bundle,org.eclipse.gmf.runtime.emf.commands.core,1.4.0.v20100423-2359,"org.eclipse.gmf.runtime.emf.commands.core",1340723138378
started,bundle,org.eclipse.gmf.runtime.gef.ui,1.4.1.v20101222-2230,"org.eclipse.gmf.runtime.gef.ui",1340723138394
started,bundle,org.eclipse.draw2d,3.7.2.v20111017-2020,"org.eclipse.draw2d",1340723138425
started,bundle,org.eclipse.gmf.runtime.common.ui.action,1.5.0.v20110607-1200,"org.eclipse.gmf.runtime.common.ui.action",1340723138440
started,bundle,org.eclipse.gmf.runtime.common.ui.services.action,1.4.0.v20100430-1518,"org.eclipse.gmf.runtime.common.ui.services.action",1340723138461
started,bundle,org.eclipse.gmf.runtime.common.ui.services,1.3.1.v20101118-2230,"org.eclipse.gmf.runtime.common.ui.services",1340723138465
started,bundle,org.eclipse.gmf.runtime.diagram.ui.providers,1.5.0.v20110216-2230,"org.eclipse.gmf.runtime.diagram.ui.providers",1340723139067
started,bundle,org.eclipse.gmf.runtime.diagram.ui.actions,1.4.1.v20101221-2230,"org.eclipse.gmf.runtime.diagram.ui.actions",1340723139082
started,bundle,org.eclipse.gmf.runtime.emf.core,1.4.1.v20101222-2230,"org.eclipse.gmf.runtime.emf.core",1340723139212
started,bundle,org.eclipse.emf.ecoretools.filters,1.0.0.v20110601-1615,"org.eclipse.emf.ecoretools.filters",1340723139333
started,bundle,org.eclipse.gmf.runtime.diagram.ui.providers.ide,1.2.0.v20090403-1720,"org.eclipse.gmf.runtime.diagram.ui.providers.ide",1340723139335
started,bundle,org.eclipse.gmf.runtime.common.ui.action.ide,1.5.0.v20101221-2230,"org.eclipse.gmf.runtime.common.ui.action.ide",1340723139338
started,bundle,org.eclipse.gmf.runtime.diagram.ui.printing,1.4.1.v20101119-2230,"org.eclipse.gmf.runtime.diagram.ui.printing",1340723139374
started,bundle,org.eclipse.gmf.runtime.diagram.ui.printing.render,1.4.1.v20101119-2230,"org.eclipse.gmf.runtime.diagram.ui.printing.render",1340723139375
started,bundle,org.eclipse.gmf.runtime.draw2d.ui,1.5.0.v20110505-2230,"org.eclipse.gmf.runtime.draw2d.ui",1340723139392
started,bundle,org.eclipse.gmf.runtime.draw2d.ui.render,1.4.1.v20101119-2230,"org.eclipse.gmf.runtime.draw2d.ui.render",1340723139394
started,bundle,org.eclipse.emf.workspace,1.5.1.v20110823-1800,"org.eclipse.emf.workspace",1340723139419
started,bundle,org.eclipse.emf.ecore.change,2.7.1.v20120127-1122,"org.eclipse.emf.ecore.change",1340723139457
started,bundle,org.eclipse.emf.validation,1.4.0.v20100428-2315,"org.eclipse.emf.validation",1340723139554
started,bundle,org.eclipse.gmf.runtime.emf.type.core,1.4.0.v20100423-2359,"org.eclipse.gmf.runtime.emf.type.core",1340723141940
started,bundle,org.eclipse.gmf.runtime.diagram.ui.render,1.4.1.v20101119-2230,"org.eclipse.gmf.runtime.diagram.ui.render",1340723142974
started,bundle,org.eclipse.gmf.runtime.emf.ui,1.2.0.v20090403-1720,"org.eclipse.gmf.runtime.emf.ui",1340723143175
started,bundle,org.eclipse.gmf.runtime.notation.edit,1.4.0.v20100512-1416,"org.eclipse.gmf.runtime.notation.edit",1340723143227
started,bundle,org.eclipse.gmf.ecore.editor,2.2.0.v20110601-2359,"org.eclipse.gmf.ecore.editor",1340723143261
opened,editor,org.eclipse.emf.ecoretools.diagram,1.0.0.v20110601-1615,"org.eclipse.emf.ecoretools.diagram.part.EcoreDiagramEditorID",1340723146262
activated,editor,org.eclipse.emf.ecoretools.diagram,1.0.0.v20110601-1615,"org.eclipse.emf.ecoretools.diagram.part.EcoreDiagramEditorID",1340723146828
started,bundle,org.eclipse.gmf.runtime.common.ui.services.properties,1.3.1.v20101221-2230,"org.eclipse.gmf.runtime.common.ui.services.properties",1340723147012
started,bundle,org.eclipse.gmf.runtime.diagram.ui.properties,1.4.2.v20101129-2230,"org.eclipse.gmf.runtime.diagram.ui.properties",1340723147016
started,bundle,org.eclipse.emf.ecoretools.tabbedproperties,1.0.0.v20110601-1614,"org.eclipse.emf.ecoretools.tabbedproperties",1340723147150
started,bundle,org.eclipse.emf.ecoretools.properties,1.0.0.v20110601-1615,"org.eclipse.emf.ecoretools.properties",1340723147165
activated,view,org.eclipse.jdt.ui,3.7.2.v20120109-1427,"org.eclipse.jdt.ui.PackageExplorer",1340723148590
activated,editor,org.eclipse.emf.ecoretools.diagram,1.0.0.v20110601-1615,"org.eclipse.emf.ecoretools.diagram.part.EcoreDiagramEditorID",1340723149461
closed,editor,org.eclipse.emf.ecore.editor,2.7.0.v20120130-0943,"org.eclipse.emf.ecore.presentation.EcoreEditorID",1340723149566
deactivated,workbench,org.eclipse.ui.workbench,3.7.1.v20120104-1859,"",1340723162071
activated,workbench,org.eclipse.ui.workbench,3.7.1.v20120104-1859,"",1340723164699
started,bundle,org.eclipse.emf.validation.ui,1.3.0.v200901271722,"org.eclipse.emf.validation.ui",1340723188809
started,bundle,org.eclipse.emf.eef.runtime,1.0.2.v20120216-1513,"org.eclipse.emf.eef.runtime",1340723189450
executed,command,org.eclipse.ui,3.7.0.v20110928-1505,"org.eclipse.ui.file.save",1340723192747
activated,view,org.eclipse.jdt.ui,3.7.2.v20120109-1427,"org.eclipse.jdt.ui.PackageExplorer",1340723194100
activated,editor,org.eclipse.emf.ecoretools.diagram,1.0.0.v20110601-1615,"org.eclipse.emf.ecoretools.diagram.part.EcoreDiagramEditorID",1340723197237
started,bundle,org.eclipse.gmf.runtime.diagram.ui.geoshapes,1.4.1.v20101119-2230,"org.eclipse.gmf.runtime.diagram.ui.geoshapes",1340723197419
started,bundle,org.eclipse.compare.core,3.5.200.I20110208-0800,"org.eclipse.compare.core",1340723197520
started,bundle,org.eclipse.compare,3.5.202.R37x_v20111109-0800,"org.eclipse.compare",1340723197526
started,bundle,org.eclipse.gmf.runtime.emf.clipboard.core,1.5.0.v20110529-2230,"org.eclipse.gmf.runtime.emf.clipboard.core",1340723197767
activated,view,org.eclipse.ui.views,3.6.0.v20110928-1505,"org.eclipse.ui.views.PropertySheet",1340723214371
activated,editor,org.eclipse.emf.ecoretools.diagram,1.0.0.v20110601-1615,"org.eclipse.emf.ecoretools.diagram.part.EcoreDiagramEditorID",1340723219176
started,bundle,org.eclipse.ocl,3.1.0.v20120206-0606,"org.eclipse.ocl",1340723229248
started,bundle,org.eclipse.ocl.ecore,3.1.2.v20111015-2027,"org.eclipse.ocl.ecore",1340723229256
activated,view,org.eclipse.ui.views,3.6.0.v20110928-1505,"org.eclipse.ui.views.PropertySheet",1340723233118
activated,editor,org.eclipse.emf.ecoretools.diagram,1.0.0.v20110601-1615,"org.eclipse.emf.ecoretools.diagram.part.EcoreDiagramEditorID",1340723244221
activated,view,org.eclipse.ui.views,3.6.0.v20110928-1505,"org.eclipse.ui.views.PropertySheet",1340723252857
activated,editor,org.eclipse.emf.ecoretools.diagram,1.0.0.v20110601-1615,"org.eclipse.emf.ecoretools.diagram.part.EcoreDiagramEditorID",1340723255545
executed,command,org.eclipse.ui,3.7.0.v20110928-1505,"org.eclipse.ui.file.save",1340723260870
deactivated,workbench,org.eclipse.ui.workbench,3.7.1.v20120104-1859,"",1340723274885
activated,workbench,org.eclipse.ui.workbench,3.7.1.v20120104-1859,"",1340723276375
deactivated,workbench,org.eclipse.ui.workbench,3.7.1.v20120104-1859,"",1340723277594
activated,workbench,org.eclipse.ui.workbench,3.7.1.v20120104-1859,"",1340723279120
executed,command,org.eclipse.ui,3.7.0.v20110928-1505,"org.eclipse.ui.file.save",1340723279947
activated,view,org.eclipse.ui.views,3.6.0.v20110928-1505,"org.eclipse.ui.views.PropertySheet",1340723280931
closed,editor,org.eclipse.emf.ecoretools.diagram,1.0.0.v20110601-1615,"org.eclipse.emf.ecoretools.diagram.part.EcoreDiagramEditorID",1340723280932
deactivated,workbench,org.eclipse.ui.workbench,3.7.1.v20120104-1859,"",1340723281828
activated,workbench,org.eclipse.ui.workbench,3.7.1.v20120104-1859,"",1340723329910
activated,view,org.eclipse.jdt.ui,3.7.2.v20120109-1427,"org.eclipse.jdt.ui.PackageExplorer",1340723336611
opened,editor,org.eclipse.emf.ecoretools.diagram,1.0.0.v20110601-1615,"org.eclipse.emf.ecoretools.diagram.part.EcoreDiagramEditorID",1340723340503
activated,editor,org.eclipse.emf.ecoretools.diagram,1.0.0.v20110601-1615,"org.eclipse.emf.ecoretools.diagram.part.EcoreDiagramEditorID",1340723340527
activated,view,org.eclipse.jdt.ui,3.7.2.v20120109-1427,"org.eclipse.jdt.ui.PackageExplorer",1340723341095
activated,editor,org.eclipse.emf.ecoretools.diagram,1.0.0.v20110601-1615,"org.eclipse.emf.ecoretools.diagram.part.EcoreDiagramEditorID",1340723350417
deactivated,workbench,org.eclipse.ui.workbench,3.7.1.v20120104-1859,"",1340723370522
activated,workbench,org.eclipse.ui.workbench,3.7.1.v20120104-1859,"",1340723371438
activated,view,org.eclipse.jdt.ui,3.7.2.v20120109-1427,"org.eclipse.jdt.ui.PackageExplorer",1340723371647
closed,editor,org.eclipse.emf.ecoretools.diagram,1.0.0.v20110601-1615,"org.eclipse.emf.ecoretools.diagram.part.EcoreDiagramEditorID",1340723371663
deactivated,workbench,org.eclipse.ui.workbench,3.7.1.v20120104-1859,"",1340723373069
started,bundle,org.eclipse.equinox.p2.garbagecollector,1.0.200.v20110815-1419,"org.eclipse.equinox.p2.garbagecollector",1340723384220
activated,workbench,org.eclipse.ui.workbench,3.7.1.v20120104-1859,"",1340723397811
opened,editor,org.eclipse.emf.ecoretools.diagram,1.0.0.v20110601-1615,"org.eclipse.emf.ecoretools.diagram.part.EcoreDiagramEditorID",1340723403216
activated,editor,org.eclipse.emf.ecoretools.diagram,1.0.0.v20110601-1615,"org.eclipse.emf.ecoretools.diagram.part.EcoreDiagramEditorID",1340723403244
activated,view,org.eclipse.jdt.ui,3.7.2.v20120109-1427,"org.eclipse.jdt.ui.PackageExplorer",1340723403818
activated,editor,org.eclipse.emf.ecoretools.diagram,1.0.0.v20110601-1615,"org.eclipse.emf.ecoretools.diagram.part.EcoreDiagramEditorID",1340723427666
executed,command,org.eclipse.ui,3.7.0.v20110928-1505,"org.eclipse.ui.file.save",1340723432498
deactivated,workbench,org.eclipse.ui.workbench,3.7.1.v20120104-1859,"",1340723433397
activated,workbench,org.eclipse.ui.workbench,3.7.1.v20120104-1859,"",1340723437182
deactivated,workbench,org.eclipse.ui.workbench,3.7.1.v20120104-1859,"",1340723438047
activated,workbench,org.eclipse.ui.workbench,3.7.1.v20120104-1859,"",1340723507657
activated,view,org.eclipse.jdt.ui,3.7.2.v20120109-1427,"org.eclipse.jdt.ui.PackageExplorer",1340723510806
closed,editor,org.eclipse.emf.ecoretools.diagram,1.0.0.v20110601-1615,"org.eclipse.emf.ecoretools.diagram.part.EcoreDiagramEditorID",1340723510822
opened,editor,org.eclipse.emf.ecoretools.diagram,1.0.0.v20110601-1615,"org.eclipse.emf.ecoretools.diagram.part.EcoreDiagramEditorID",1340723515784
activated,editor,org.eclipse.emf.ecoretools.diagram,1.0.0.v20110601-1615,"org.eclipse.emf.ecoretools.diagram.part.EcoreDiagramEditorID",1340723515806
activated,view,org.eclipse.jdt.ui,3.7.2.v20120109-1427,"org.eclipse.jdt.ui.PackageExplorer",1340723516422
deactivated,workbench,org.eclipse.ui.workbench,3.7.1.v20120104-1859,"",1340723523844
activated,workbench,org.eclipse.ui.workbench,3.7.1.v20120104-1859,"",1340723530805
activated,editor,org.eclipse.emf.ecoretools.diagram,1.0.0.v20110601-1615,"org.eclipse.emf.ecoretools.diagram.part.EcoreDiagramEditorID",1340723537048
deactivated,workbench,org.eclipse.ui.workbench,3.7.1.v20120104-1859,"",1340723541289
activated,workbench,org.eclipse.ui.workbench,3.7.1.v20120104-1859,"",1340723542190
activated,view,org.eclipse.jdt.ui,3.7.2.v20120109-1427,"org.eclipse.jdt.ui.PackageExplorer",1340723542398
closed,editor,org.eclipse.emf.ecoretools.diagram,1.0.0.v20110601-1615,"org.eclipse.emf.ecoretools.diagram.part.EcoreDiagramEditorID",1340723542414
deactivated,workbench,org.eclipse.ui.workbench,3.7.1.v20120104-1859,"",1340723544362
activated,workbench,org.eclipse.ui.workbench,3.7.1.v20120104-1859,"",1340723621071
opened,editor,org.eclipse.emf.ecoretools.diagram,1.0.0.v20110601-1615,"org.eclipse.emf.ecoretools.diagram.part.EcoreDiagramEditorID",1340723626721
activated,editor,org.eclipse.emf.ecoretools.diagram,1.0.0.v20110601-1615,"org.eclipse.emf.ecoretools.diagram.part.EcoreDiagramEditorID",1340723626749
activated,view,org.eclipse.jdt.ui,3.7.2.v20120109-1427,"org.eclipse.jdt.ui.PackageExplorer",1340723627321
activated,editor,org.eclipse.emf.ecoretools.diagram,1.0.0.v20110601-1615,"org.eclipse.emf.ecoretools.diagram.part.EcoreDiagramEditorID",1340723628754
deactivated,workbench,org.eclipse.ui.workbench,3.7.1.v20120104-1859,"",1340723629253
activated,workbench,org.eclipse.ui.workbench,3.7.1.v20120104-1859,"",1340723632059
activated,view,org.eclipse.jdt.ui,3.7.2.v20120109-1427,"org.eclipse.jdt.ui.PackageExplorer",1340723632259
closed,editor,org.eclipse.emf.ecoretools.diagram,1.0.0.v20110601-1615,"org.eclipse.emf.ecoretools.diagram.part.EcoreDiagramEditorID",1340723632274
deactivated,workbench,org.eclipse.ui.workbench,3.7.1.v20120104-1859,"",1340723634339
executed,command,org.eclipse.ui,3.7.0.v20110928-1505,"org.eclipse.ui.edit.delete",1340723634623
activated,workbench,org.eclipse.ui.workbench,3.7.1.v20120104-1859,"",1340723634643
error,log,,,"Unable to load resource: platform:/resource/ie.tcd.gmf.visGrid/model/visGrid.ecore",1340723636567
deactivated,workbench,org.eclipse.ui.workbench,3.7.1.v20120104-1859,"",1340723636647
activated,workbench,org.eclipse.ui.workbench,3.7.1.v20120104-1859,"",1340723637145
started,bundle,org.eclipse.debug.ui,3.7.102.v20111129-1423_r372,"org.eclipse.debug.ui",1340723639501
error,log,,,"Unable to load resource: platform:/resource/ie.tcd.gmf.visGrid/model/visGrid.ecore",1340723640101
deactivated,workbench,org.eclipse.ui.workbench,3.7.1.v20120104-1859,"",1340723640165
activated,workbench,org.eclipse.ui.workbench,3.7.1.v20120104-1859,"",1340723641344
opened,editor,org.eclipse.emf.ecore.editor,2.7.0.v20120130-0943,"org.eclipse.emf.ecore.presentation.EcoreEditorID",1340723642481
activated,editor,org.eclipse.emf.ecore.editor,2.7.0.v20120130-0943,"org.eclipse.emf.ecore.presentation.EcoreEditorID",1340723642497
activated,view,org.eclipse.jdt.ui,3.7.2.v20120109-1427,"org.eclipse.jdt.ui.PackageExplorer",1340723642549
activated,editor,org.eclipse.emf.ecore.editor,2.7.0.v20120130-0943,"org.eclipse.emf.ecore.presentation.EcoreEditorID",1340723644188
opened,editor,org.eclipse.ui.editors,3.7.0.v20110928-1504,"org.eclipse.ui.DefaultTextEditor",1340723646536
activated,editor,org.eclipse.ui.editors,3.7.0.v20110928-1504,"org.eclipse.ui.DefaultTextEditor",1340723646657
started,bundle,org.eclipse.core.variables,3.2.500.v20110928-1503,"org.eclipse.core.variables",1340723646996
activated,editor,org.eclipse.emf.ecore.editor,2.7.0.v20120130-0943,"org.eclipse.emf.ecore.presentation.EcoreEditorID",1340723653652
closed,editor,org.eclipse.ui.editors,3.7.0.v20110928-1504,"org.eclipse.ui.DefaultTextEditor",1340723653672
activated,view,org.eclipse.jdt.ui,3.7.2.v20120109-1427,"org.eclipse.jdt.ui.PackageExplorer",1340723654679
closed,editor,org.eclipse.emf.ecore.editor,2.7.0.v20120130-0943,"org.eclipse.emf.ecore.presentation.EcoreEditorID",1340723654703
deactivated,workbench,org.eclipse.ui.workbench,3.7.1.v20120104-1859,"",1340723655590
activated,workbench,org.eclipse.ui.workbench,3.7.1.v20120104-1859,"",1340723657264
opened,editor,org.eclipse.emf.ecore.editor,2.7.0.v20120130-0943,"org.eclipse.emf.ecore.presentation.EcoreEditorID",1340723658756
activated,editor,org.eclipse.emf.ecore.editor,2.7.0.v20120130-0943,"org.eclipse.emf.ecore.presentation.EcoreEditorID",1340723658777
activated,view,org.eclipse.jdt.ui,3.7.2.v20120109-1427,"org.eclipse.jdt.ui.PackageExplorer",1340723658827
activated,editor,org.eclipse.emf.ecore.editor,2.7.0.v20120130-0943,"org.eclipse.emf.ecore.presentation.EcoreEditorID",1340723662360
opened,editor,org.eclipse.ui.editors,3.7.0.v20110928-1504,"org.eclipse.ui.DefaultTextEditor",1340723662984
activated,editor,org.eclipse.ui.editors,3.7.0.v20110928-1504,"org.eclipse.ui.DefaultTextEditor",1340723663036
executed,command,org.eclipse.ui,3.7.0.v20110928-1505,"org.eclipse.ui.file.save",1340723679772
activated,editor,org.eclipse.emf.ecore.editor,2.7.0.v20120130-0943,"org.eclipse.emf.ecore.presentation.EcoreEditorID",1340723682212
closed,editor,org.eclipse.ui.editors,3.7.0.v20110928-1504,"org.eclipse.ui.DefaultTextEditor",1340723682473
activated,view,org.eclipse.jdt.ui,3.7.2.v20120109-1427,"org.eclipse.jdt.ui.PackageExplorer",1340723686324
closed,editor,org.eclipse.emf.ecore.editor,2.7.0.v20120130-0943,"org.eclipse.emf.ecore.presentation.EcoreEditorID",1340723686342
opened,editor,org.eclipse.emf.ecore.editor,2.7.0.v20120130-0943,"org.eclipse.emf.ecore.presentation.EcoreEditorID",1340723687121
activated,editor,org.eclipse.emf.ecore.editor,2.7.0.v20120130-0943,"org.eclipse.emf.ecore.presentation.EcoreEditorID",1340723687140
activated,view,org.eclipse.jdt.ui,3.7.2.v20120109-1427,"org.eclipse.jdt.ui.PackageExplorer",1340723687190
deactivated,workbench,org.eclipse.ui.workbench,3.7.1.v20120104-1859,"",1340723690509
opened,editor,org.eclipse.emf.ecoretools.diagram,1.0.0.v20110601-1615,"org.eclipse.emf.ecoretools.diagram.part.EcoreDiagramEditorID",1340723699359
activated,editor,org.eclipse.emf.ecoretools.diagram,1.0.0.v20110601-1615,"org.eclipse.emf.ecoretools.diagram.part.EcoreDiagramEditorID",1340723699672
activated,workbench,org.eclipse.ui.workbench,3.7.1.v20120104-1859,"",1340723700690
deactivated,workbench,org.eclipse.ui.workbench,3.7.1.v20120104-1859,"",1340723756072
activated,workbench,org.eclipse.ui.workbench,3.7.1.v20120104-1859,"",1340723757066
activated,editor,org.eclipse.emf.ecore.editor,2.7.0.v20120130-0943,"org.eclipse.emf.ecore.presentation.EcoreEditorID",1340723757299
closed,editor,org.eclipse.emf.ecoretools.diagram,1.0.0.v20110601-1615,"org.eclipse.emf.ecoretools.diagram.part.EcoreDiagramEditorID",1340723757317
activated,view,org.eclipse.jdt.ui,3.7.2.v20120109-1427,"org.eclipse.jdt.ui.PackageExplorer",1340723757845
deactivated,workbench,org.eclipse.ui.workbench,3.7.1.v20120104-1859,"",1340723758619
closed,editor,org.eclipse.emf.ecore.editor,2.7.0.v20120130-0943,"org.eclipse.emf.ecore.presentation.EcoreEditorID",1340723758804
executed,command,org.eclipse.ui,3.7.0.v20110928-1505,"org.eclipse.ui.edit.delete",1340723758932
activated,workbench,org.eclipse.ui.workbench,3.7.1.v20120104-1859,"",1340723758949
executed,command,org.eclipse.ui,3.7.0.v20110928-1505,"org.eclipse.ui.edit.undo",1340723760368
deactivated,workbench,org.eclipse.ui.workbench,3.7.1.v20120104-1859,"",1340723762146
executed,command,org.eclipse.ui,3.7.0.v20110928-1505,"org.eclipse.ui.edit.delete",1340723762385
activated,workbench,org.eclipse.ui.workbench,3.7.1.v20120104-1859,"",1340723762405
opened,editor,org.eclipse.emf.ecore.editor,2.7.0.v20120130-0943,"org.eclipse.emf.ecore.presentation.EcoreEditorID",1340723763160
activated,editor,org.eclipse.emf.ecore.editor,2.7.0.v20120130-0943,"org.eclipse.emf.ecore.presentation.EcoreEditorID",1340723763178
activated,view,org.eclipse.jdt.ui,3.7.2.v20120109-1427,"org.eclipse.jdt.ui.PackageExplorer",1340723763228
activated,editor,org.eclipse.emf.ecore.editor,2.7.0.v20120130-0943,"org.eclipse.emf.ecore.presentation.EcoreEditorID",1340723764304
activated,view,org.eclipse.ui.views,3.6.0.v20110928-1505,"org.eclipse.ui.views.PropertySheet",1340723772606
deactivated,workbench,org.eclipse.ui.workbench,3.7.1.v20120104-1859,"",1340723774257
activated,workbench,org.eclipse.ui.workbench,3.7.1.v20120104-1859,"",1340723777089
activated,editor,org.eclipse.emf.ecore.editor,2.7.0.v20120130-0943,"org.eclipse.emf.ecore.presentation.EcoreEditorID",1340723781164
executed,command,org.eclipse.ui,3.7.0.v20110928-1505,"org.eclipse.ui.edit.delete",1340723792122
deactivated,workbench,org.eclipse.ui.workbench,3.7.1.v20120104-1859,"",1340723808342
executed,command,org.eclipse.ui,3.7.0.v20110928-1505,"org.eclipse.ui.file.save",1340723808575
activated,workbench,org.eclipse.ui.workbench,3.7.1.v20120104-1859,"",1340723808699
deactivated,workbench,org.eclipse.ui.workbench,3.7.1.v20120104-1859,"",1340723809135
activated,workbench,org.eclipse.ui.workbench,3.7.1.v20120104-1859,"",1340723809940
deactivated,workbench,org.eclipse.ui.workbench,3.7.1.v20120104-1859,"",1340723810700
activated,workbench,org.eclipse.ui.workbench,3.7.1.v20120104-1859,"",1340723814199
deactivated,workbench,org.eclipse.ui.workbench,3.7.1.v20120104-1859,"",1340723816359
activated,workbench,org.eclipse.ui.workbench,3.7.1.v20120104-1859,"",1340723868147
activated,view,org.eclipse.ui.views,3.6.0.v20110928-1505,"org.eclipse.ui.views.PropertySheet",1340723869312
closed,editor,org.eclipse.emf.ecore.editor,2.7.0.v20120130-0943,"org.eclipse.emf.ecore.presentation.EcoreEditorID",1340723869315
activated,view,org.eclipse.jdt.ui,3.7.2.v20120109-1427,"org.eclipse.jdt.ui.PackageExplorer",1340723870025
opened,editor,org.eclipse.ui.editors,3.7.0.v20110928-1504,"org.eclipse.ui.DefaultTextEditor",1340723870208
activated,editor,org.eclipse.ui.editors,3.7.0.v20110928-1504,"org.eclipse.ui.DefaultTextEditor",1340723870320
activated,view,org.eclipse.jdt.ui,3.7.2.v20120109-1427,"org.eclipse.jdt.ui.PackageExplorer",1340723870358
activated,editor,org.eclipse.ui.editors,3.7.0.v20110928-1504,"org.eclipse.ui.DefaultTextEditor",1340723871557
executed,command,org.eclipse.ui,3.7.0.v20110928-1505,"org.eclipse.ui.file.refresh",1340723872053
activated,view,org.eclipse.jdt.ui,3.7.2.v20120109-1427,"org.eclipse.jdt.ui.PackageExplorer",1340723873395
opened,editor,org.eclipse.emf.ecore.editor,2.7.0.v20120130-0943,"org.eclipse.emf.ecore.presentation.EcoreEditorID",1340723875543
activated,editor,org.eclipse.emf.ecore.editor,2.7.0.v20120130-0943,"org.eclipse.emf.ecore.presentation.EcoreEditorID",1340723875577
executed,command,org.eclipse.ui,3.7.0.v20110928-1505,"org.eclipse.ui.edit.delete",1340723904105
executed,command,org.eclipse.ui,3.7.0.v20110928-1505,"org.eclipse.ui.edit.delete",1340723912713
deactivated,workbench,org.eclipse.ui.workbench,3.7.1.v20120104-1859,"",1340723914267
executed,command,org.eclipse.ui,3.7.0.v20110928-1505,"org.eclipse.ui.file.save",1340723914449
activated,workbench,org.eclipse.ui.workbench,3.7.1.v20120104-1859,"",1340723914464
deactivated,workbench,org.eclipse.ui.workbench,3.7.1.v20120104-1859,"",1340723917127
activated,workbench,org.eclipse.ui.workbench,3.7.1.v20120104-1859,"",1340723920631
activated,view,org.eclipse.jdt.ui,3.7.2.v20120109-1427,"org.eclipse.jdt.ui.PackageExplorer",1340723922230
deactivated,workbench,org.eclipse.ui.workbench,3.7.1.v20120104-1859,"",1340723923725
opened,editor,org.eclipse.emf.ecoretools.diagram,1.0.0.v20110601-1615,"org.eclipse.emf.ecoretools.diagram.part.EcoreDiagramEditorID",1340723930835
activated,editor,org.eclipse.emf.ecoretools.diagram,1.0.0.v20110601-1615,"org.eclipse.emf.ecoretools.diagram.part.EcoreDiagramEditorID",1340723931064
activated,workbench,org.eclipse.ui.workbench,3.7.1.v20120104-1859,"",1340723931781
activated,editor,org.eclipse.emf.ecore.editor,2.7.0.v20120130-0943,"org.eclipse.emf.ecore.presentation.EcoreEditorID",1340723953807
activated,view,org.eclipse.ui.views,3.6.0.v20110928-1505,"org.eclipse.ui.views.PropertySheet",1340723958039
